date,day,time,username
2024-09-24,Tuesday,20:53:48,Kishan
2024-09-24,Tuesday,21:58:34,Kishan
2024-09-24,Tuesday,22:08:42,Kishan
2024-09-24,Tuesday,22:14:32,Kishan
2024-09-24,Tuesday,22:15:14,Kishan
2024-09-24,Tuesday,22:16:48,Kishan
2024-09-24,Tuesday,22:19:11,kishan
2024-09-24,Tuesday,22:24:41,kishan
2024-09-24,Tuesday,22:34:48,kishan
2024-09-24,Tuesday,22:37:37,kishan
2024-09-24,Tuesday,22:39:27,kishan
2024-09-24,Tuesday,22:44:42,kishan
2024-09-24,Tuesday,22:48:27,kishan
2024-09-24,Tuesday,23:15:38,kishan
2024-09-25,Wednesday,11:01:32,kishan
2024-09-25,Wednesday,11:04:33,kishan
